"","Season","wOBA","wOBAScale","HBP","BB","1B","2B","3B","HR","cFIP"
"1",2024,0.314939649745466,1.14577037109752,0.790504068052228,0.772176288529149,0.929095582870233,1.11843623421705,1.74507827079047,2.01755529628011,3.81273004963727
