"","Season","wOBA","wOBAScale","wHBP","wBB","w1B","w2B","w3B","wHR","R/PA","cFIP"
"1",2024,0.314939649745466,1.14577037109752,0.790504068052228,0.772176288529149,0.929095582870233,1.11843623421705,1.74507827079047,2.01755529628011,0.141,3.81273004963727
"2",2023,0.300225839012674,1.18437297880364,0.804932437035649,0.774388634003937,0.953566959807216,1.11141071184818,1.68409410876212,2.08772582950873,0.133,3.66303925099028
"3",2022,0.314573348271732,1.17841647070725,0.933651975458667,0.770494039774963,0.948771232938907,1.1058211492509,1.67562437804936,2.07722613386464,0.162,4.11186974135245
"4",2021,0.410372953499457,1.18015973613422,0.838268987246651,0.771633853800496,0.950174777551195,1.10745702232789,1.67810317745472,2.08029903431468,0.142,3.88447144714471
"5",2019,0.249304848858121,1.18300558182047,0.862622881843336,0.773494577232215,0.952466035852149,1.11012755216652,1.68214976754113,2.08531548238661,0.154,4.09077152056376
