"","TEAM","GP","W","L","PCT","WinRatio","RperG","RAperG","RunsRatio","PCTexp","Wexp","Lexp","Rdif"
"1","Leones de Yucatan",18,12,5,0.705882352941177,2.4,5.5,4.61111111111111,1.19277108433735,0.587237866986219,33,24,16
"2","Pericos de Puebla",18,12,5,0.705882352941177,2.4,7.11111111111111,5.27777777777778,1.34736842105263,0.644810893777795,37,20,33
"3","Diablos Rojos del Mexico",18,11,6,0.647058823529412,1.83333333333333,7.38888888888889,5.61111111111111,1.31683168316832,0.634241663678738,36,21,32
"4","Tigres de Quintana Roo",18,11,6,0.647058823529412,1.83333333333333,5.5,5.05555555555556,1.08791208791209,0.542030748810972,31,26,8
"5","Guerreros de Oaxaca",18,9,8,0.529411764705882,1.125,7.16666666666667,6.44444444444444,1.11206896551724,0.552912250390404,32,25,13
"6","Bravos de Leon",18,7,10,0.411764705882353,0.7,6.27777777777778,6.66666666666667,0.941666666666667,0.469984173138503,27,30,-7
"7","Olmecas de Tabasco",18,7,10,0.411764705882353,0.7,3.38888888888889,4.77777777777778,0.709302325581395,0.33471260232077,19,38,-25
"8","Piratas de Campeche",18,6,11,0.352941176470588,0.545454545454545,4.38888888888889,5.83333333333333,0.752380952380952,0.361461832503185,21,36,-26
